benchmark,compiler,environment,mean(s),std(s),min(s),max(s),repetitions,iter0,iter1,iter2,iter3,iter4,iter5,iter6,iter7,iter8,iter9,iter10,iter11,iter12,iter13,iter14,iter15,iter16,iter17,iter18,iter19,iter20,iter21,iter22,iter23,iter24,iter25,iter26,iter27,iter28,iter29,iter30,iter31,iter32,iter33,iter34,iter35,iter36,iter37,iter38,iter39,iter40,iter41,iter42,iter43,iter44,iter45,iter46,iter47,iter48,iter49,iter50,iter51,iter52,iter53,iter54,iter55,iter56,iter57,iter58,iter59,iter60,iter61,iter62,iter63,iter64,iter65,iter66,iter67,iter68,iter69,iter70,iter71,iter72,iter73,iter74,iter75,iter76,iter77,iter78,iter79,iter80,iter81,iter82,iter83,iter84,iter85,iter86,iter87,iter88,iter89,iter90,iter91,iter92,iter93,iter94,iter95
collatz,matwably,SpiderMonkey67,0.0751,0.0023,0.0732,0.0822,67,0.0743,0.0735,0.0795,0.0739,0.0733,0.0739,0.0733,0.0740,0.0733,0.0745,0.0732,0.0739,0.0738,0.0740,0.0745,0.0746,0.0742,0.0741,0.0742,0.0739,0.0733,0.0739,0.0738,0.0740,0.0739,0.0743,0.0739,0.0737,0.0739,0.0776,0.0734,0.0798,0.0787,0.0812,0.0735,0.0746,0.0743,0.0744,0.0732,0.0739,0.0745,0.0733,0.0739,0.0734,0.0744,0.0733,0.0758,0.0745,0.0768,0.0770,0.0803,0.0739,0.0773,0.0733,0.0822,0.0742,0.0793,0.0745,0.0812,0.0740,0.0783,0.0739,0.0793,0.0733,0.0751,0.0740,0.0752
collatz,matwably,v8_7.4,0.0869,0.0022,0.0841,0.0960,67,0.0853,0.0854,0.0855,0.0850,0.0854,0.0844,0.0855,0.0842,0.0877,0.0896,0.0844,0.0897,0.0857,0.0851,0.0873,0.0858,0.0850,0.0872,0.0876,0.0862,0.0898,0.0850,0.0913,0.0871,0.0897,0.0851,0.0960,0.0844,0.0889,0.0849,0.0928,0.0865,0.0885,0.0887,0.0888,0.0886,0.0883,0.0860,0.0850,0.0870,0.0841,0.0865,0.0873,0.0885,0.0854,0.0883,0.0856,0.0868,0.0882,0.0851,0.0853,0.0875,0.0860,0.0866,0.0855,0.0864,0.0846,0.0860,0.0885,0.0846,0.0873,0.0878,0.0853,0.0879,0.0848,0.0890,0.0860
bubble,matwably,SpiderMonkey67,1.2355,0.0206,1.2137,1.3321,66,1.2565,1.2753,1.2217,1.2201,1.2428,1.2137,1.2321,1.2655,1.2272,1.2265,1.2247,1.2324,1.2142,1.2488,1.2249,1.2200,1.2235,1.2304,1.2205,1.2581,1.2226,1.2247,1.2227,1.2176,1.2296,1.2617,1.2315,1.2156,1.2438,1.2280,1.2227,1.2921,1.2224,1.2447,1.2366,1.2182,1.2453,1.2303,1.2276,1.2393,1.2235,1.2223,1.2407,1.2227,1.2334,1.2216,1.2306,1.2418,1.2603,1.2184,1.2384,1.2287,1.2208,1.2224,1.2265,1.2277,1.2487,1.2414,1.2256,1.2162,1.2168,1.2716,1.2676,1.3321,1.2339,1.2548
bubble,matwably,v8_7.4,1.5138,0.0457,1.4666,1.8375,66,1.5414,1.4822,1.4934,1.5120,1.4977,1.5339,1.4959,1.4910,1.5183,1.4894,1.5090,1.4772,1.5499,1.4867,1.5136,1.5051,1.5245,1.4957,1.5010,1.5117,1.5454,1.5230,1.4752,1.5519,1.5178,1.4827,1.4965,1.5042,1.4910,1.4914,1.5271,1.5268,1.4855,1.4989,1.5457,1.4920,1.5043,1.4946,1.4996,1.8375,1.5381,1.4883,1.4902,1.5200,1.5230,1.5349,1.5360,1.4874,1.4834,1.4666,1.5292,1.4933,1.4935,1.5055,1.5315,1.5091,1.5449,1.5003,1.5031,1.4973,1.4932,1.5326,1.5263,1.4972,1.5137,1.5514
clos,matwably,SpiderMonkey67,4.8727,0.2527,4.7579,6.0051,66,4.7885,4.8617,4.7803,4.8287,4.8139,4.7579,4.7845,4.8160,4.7872,4.7890,4.7820,4.7858,4.8060,4.8324,4.8052,4.8156,4.7772,4.8136,4.7762,4.8568,5.7470,6.0051,5.8051,5.8222,4.8448,4.7892,4.7966,4.7737,4.7980,4.7954,4.8544,4.8934,4.7846,4.7781,4.7951,4.9308,4.7886,4.7722,4.7908,4.7725,4.7688,4.8691,4.8367,4.7939,4.7634,4.8271,4.8066,4.8387,4.7627,4.7855,4.7857,4.8271,4.7734,4.8107,4.7919,4.7989,4.7760,4.8110,4.8031,4.9292,4.7948,4.8240,4.8767,4.8363,4.8943,4.8170
clos,matwably,v8_7.4,5.8820,0.0531,5.7695,6.1570,66,5.7695,5.8868,5.8464,5.8647,5.8912,5.8379,5.9302,5.8426,5.8333,5.8589,5.8468,5.9230,5.8559,5.8683,5.8519,5.8633,5.8779,5.8406,5.8349,5.9010,5.8432,5.9121,5.8523,5.8716,5.8437,5.8485,5.8745,5.8929,5.8828,5.8578,5.8645,5.9678,5.8519,5.8751,5.9012,5.8566,5.8908,5.8507,5.8523,5.8927,5.8590,5.8892,5.8635,5.8644,5.9117,5.8561,5.8779,5.8513,5.8400,6.0808,5.9421,5.9087,5.8785,5.8622,5.9097,5.8999,5.8809,5.8681,5.8640,6.1570,5.8966,5.9042,5.8857,5.8971,5.9171,5.9386
fdtd,matwably,v8_7.4,1.3307,0.0469,1.2764,1.5967,66,1.3122,1.3925,1.3201,1.3109,1.3091,1.3050,1.3340,1.3081,1.3031,1.3130,1.3642,1.3149,1.3145,1.2940,1.3073,1.3084,1.3321,1.3316,1.3190,1.3091,1.3059,1.3375,1.3180,1.3243,1.3035,1.3243,1.3313,1.3105,1.3666,1.3562,1.3245,1.5967,1.2764,1.3135,1.3245,1.2995,1.3092,1.3218,1.3028,1.3118,1.3215,1.3167,1.3144,1.3017,1.3438,1.3266,1.3076,1.3098,1.3292,1.3351,1.3093,1.2996,1.3151,1.3074,1.3296,1.2958,1.3246,1.3089,1.3132,1.3048,1.3423,1.4515,1.4275,1.4086,1.4179,1.4030
fdtd,matwably,SpiderMonkey67,1.1444,0.0434,1.1160,1.4220,66,1.1254,1.3071,1.1221,1.1488,1.1420,1.1842,1.1347,1.1218,1.1411,1.1318,1.1355,1.1437,1.1295,1.1496,1.1195,1.1160,1.1338,1.1719,1.1439,1.1360,1.1270,1.1448,1.1488,1.1413,1.1400,1.1406,1.1167,1.1404,1.1344,1.1226,1.1410,1.4220,1.1205,1.1899,1.1329,1.1387,1.1236,1.1390,1.1344,1.1479,1.1217,1.1273,1.1454,1.1208,1.1162,1.1315,1.1342,1.1270,1.1446,1.1323,1.1267,1.1200,1.1292,1.1449,1.1292,1.1298,1.1361,1.1266,1.1462,1.1171,1.1313,1.1795,1.1591,1.1517,1.1633,1.1557
fiff,matwably,SpiderMonkey67,16.9164,0.0000,16.9164,16.9164,1,16.9164
fiff,matwably,v8_7.4,38.2443,0.0000,38.2443,38.2443,1,38.2443
fft,matwably,SpiderMonkey67,0.8249,0.0358,0.7888,1.0293,66,0.8491,0.9890,0.8222,0.7940,0.8136,0.8284,0.8107,0.8405,0.8004,0.8443,0.8147,0.8020,0.8348,0.7972,0.8256,0.8183,0.8174,0.8259,0.8047,0.8315,0.8102,0.8239,0.8484,0.8091,0.8365,0.8235,0.8131,0.8152,0.8078,0.8271,0.8254,1.0293,0.8433,0.8297,0.7954,0.8170,0.8081,0.8289,0.8122,0.8163,0.8389,0.7888,0.8143,0.8383,0.8149,0.8157,0.8032,0.8321,0.8115,0.8043,0.8332,0.8022,0.8238,0.8268,0.8124,0.8070,0.8075,0.8312,0.8077,0.8202,0.8331,0.8243,0.8218,0.7978,0.8352,0.8103
fft,matwably,v8_7.4,0.8279,0.0334,0.7902,0.9883,66,0.9383,0.9692,0.8382,0.8156,0.8328,0.8227,0.8244,0.8128,0.8439,0.8107,0.8269,0.7954,0.8298,0.8101,0.8152,0.8005,0.8243,0.8229,0.8573,0.8147,0.8232,0.8116,0.8111,0.8126,0.8219,0.8238,0.8367,0.8377,0.8268,0.8211,0.8051,0.9883,0.8388,0.8156,0.8117,0.8278,0.8280,0.8107,0.8108,0.8384,0.8167,0.8175,0.8130,0.8374,0.7933,0.8187,0.7902,0.8400,0.8096,0.8545,0.7953,0.8242,0.8068,0.8182,0.8028,0.8269,0.8209,0.8211,0.8208,0.8317,0.8342,0.8398,0.8293,0.8139,0.8274,0.8305
mcpi,matwably,SpiderMonkey67,0.0014,0.0002,0.0013,0.0023,96,0.0016,0.0013,0.0021,0.0021,0.0013,0.0013,0.0013,0.0014,0.0013,0.0013,0.0013,0.0013,0.0013,0.0013,0.0013,0.0013,0.0013,0.0013,0.0013,0.0013,0.0013,0.0013,0.0013,0.0013,0.0013,0.0020,0.0013,0.0013,0.0013,0.0013,0.0013,0.0014,0.0019,0.0013,0.0013,0.0015,0.0013,0.0013,0.0013,0.0014,0.0013,0.0013,0.0013,0.0018,0.0015,0.0013,0.0013,0.0013,0.0013,0.0013,0.0013,0.0013,0.0013,0.0013,0.0013,0.0013,0.0013,0.0013,0.0017,0.0013,0.0013,0.0014,0.0013,0.0013,0.0022,0.0013,0.0013,0.0013,0.0013,0.0013,0.0013,0.0013,0.0013,0.0013,0.0023,0.0013,0.0013,0.0013,0.0013,0.0013,0.0015,0.0013,0.0013,0.0014,0.0013,0.0013,0.0013,0.0017,0.0013,0.0019,0.0013,0.0013,0.0013,0.0013,0.0013,0.0013
mcpi,matwably,v8_7.4,0.0106,0.0024,0.0041,0.0193,96,0.0095,0.0096,0.0112,0.0128,0.0090,0.0091,0.0106,0.0157,0.0095,0.0110,0.0092,0.0137,0.0088,0.0088,0.0090,0.0100,0.0117,0.0094,0.0093,0.0119,0.0115,0.0088,0.0096,0.0089,0.0093,0.0091,0.0055,0.0094,0.0118,0.0129,0.0106,0.0082,0.0066,0.0073,0.0112,0.0113,0.0085,0.0144,0.0095,0.0125,0.0130,0.0151,0.0110,0.0135,0.0104,0.0146,0.0114,0.0116,0.0116,0.0112,0.0180,0.0103,0.0124,0.0057,0.0137,0.0081,0.0084,0.0140,0.0083,0.0107,0.0122,0.0108,0.0101,0.0093,0.0094,0.0091,0.0106,0.0058,0.0094,0.0099,0.0112,0.0092,0.0097,0.0138,0.0112,0.0140,0.0041,0.0092,0.0090,0.0088,0.0104,0.0089,0.0088,0.0105,0.0092,0.0121,0.0121,0.0111,0.0094,0.0193,0.0099,0.0151,0.0093,0.0111,0.0094,0.0126
make_change,matwably,SpiderMonkey67,0.0009,0.0002,0.0008,0.0016,66,0.0010,0.0015,0.0015,0.0015,0.0009,0.0010,0.0009,0.0009,0.0008,0.0008,0.0008,0.0010,0.0008,0.0008,0.0008,0.0008,0.0008,0.0016,0.0008,0.0008,0.0008,0.0008,0.0008,0.0008,0.0008,0.0008,0.0014,0.0009,0.0008,0.0008,0.0008,0.0015,0.0013,0.0010,0.0014,0.0009,0.0008,0.0008,0.0008,0.0009,0.0009,0.0008,0.0008,0.0008,0.0008,0.0008,0.0008,0.0008,0.0008,0.0008,0.0009,0.0008,0.0008,0.0008,0.0008,0.0008,0.0008,0.0008,0.0008,0.0009,0.0008,0.0010,0.0010,0.0010,0.0010,0.0010
make_change,matwably,v8_7.4,0.0027,0.0008,0.0013,0.0059,66,0.0024,0.0023,0.0023,0.0023,0.0024,0.0024,0.0025,0.0024,0.0026,0.0023,0.0023,0.0024,0.0049,0.0023,0.0023,0.0023,0.0035,0.0024,0.0035,0.0013,0.0023,0.0027,0.0032,0.0027,0.0024,0.0038,0.0031,0.0024,0.0023,0.0024,0.0024,0.0023,0.0023,0.0017,0.0023,0.0024,0.0041,0.0023,0.0024,0.0026,0.0023,0.0023,0.0024,0.0023,0.0024,0.0059,0.0027,0.0024,0.0024,0.0024,0.0024,0.0023,0.0033,0.0047,0.0027,0.0024,0.0024,0.0024,0.0026,0.0023,0.0023,0.0027,0.0017,0.0055,0.0027,0.0035
nb1d,matwably,SpiderMonkey67,26.5952,2.6432,25.3154,38.4954,36,38.4954,25.8633,25.3154,25.5031,25.5052,25.4091,25.4703,25.4455,25.6936,25.4730,25.5480,25.6126,25.4152,25.4424,25.4205,25.4822,26.1795,25.7570,25.5064,26.3484,25.3972,25.6662,25.4755,25.5182,25.4530,25.4921,25.4760,26.0252,25.4010,25.5220,25.4782,30.1689,30.4006,30.9060,30.0905,30.0719
nb1d,matwably,v8_7.4,30.6937,5.7957,28.1331,52.0238,36,52.0238,28.5803,28.2067,28.2020,28.2573,28.1836,28.2893,28.4157,28.1493,28.1910,28.1733,28.2798,28.4013,28.2185,28.1347,28.3585,28.1331,28.3539,28.1396,28.2065,28.1981,28.2229,28.1622,28.3009,28.2829,28.1619,28.3459,28.2312,28.1884,28.3443,28.1575,41.0190,40.9596,41.1275,41.0760,41.2964
matmul,matwably,SpiderMonkey67,2.5358,0.4642,2.2590,5.2406,66,5.2406,2.7684,2.5250,2.3084,2.2665,2.2840,2.3087,2.3019,2.2760,2.2770,2.3179,2.2741,3.0834,3.0160,2.6899,2.6284,2.8068,2.9424,3.1460,3.1349,3.0311,2.8238,2.6436,2.6525,2.9196,3.3208,3.0929,3.1210,2.9684,2.2802,3.1558,2.8125,2.3312,2.4980,2.2710,2.2982,2.2748,2.2759,2.2762,2.2621,2.2850,2.2590,2.3664,2.2899,2.2756,2.2667,2.3015,2.2733,2.2777,2.2811,2.2837,2.2775,2.2736,2.3038,2.2796,2.2802,2.2639,2.3095,2.3190,2.2745,2.2887,2.2748,2.2754,2.3035,2.2683,2.3020
capr,matwably,SpiderMonkey67,3.8350,0.1455,3.7747,4.9741,66,4.9741,3.7991,3.8347,3.8074,3.8576,3.7942,3.7976,3.8320,3.7872,3.8212,3.7747,3.7977,3.7995,3.8074,3.8072,3.7862,3.8881,3.7980,3.8016,3.8007,3.8124,3.8036,3.7784,3.8191,3.8002,3.8086,3.7776,3.7951,3.8458,3.7819,3.7997,3.8691,3.8570,3.8812,3.8826,3.8206,3.8279,3.7982,3.8290,3.8863,3.7969,3.8142,3.8019,3.8201,3.8070,3.8115,3.8045,3.7980,3.8189,3.8175,3.7971,3.8022,3.7913,3.8196,3.7976,3.8108,3.8279,3.8137,3.7937,3.8015,3.8153,3.8645,3.8243,3.8507,3.9210,3.8502
matmul,matwably,v8_7.4,4.8731,0.1458,4.8101,5.9493,66,5.9493,5.0495,4.8446,4.8737,4.8493,4.8361,4.8459,4.8461,4.9270,4.8741,4.8387,4.8469,4.8314,4.8478,4.8356,4.8662,4.8318,4.8524,4.8263,4.8467,4.8298,4.8492,4.8548,4.8407,4.8525,4.8230,4.8533,4.8471,4.8521,4.8233,4.8472,5.2299,4.8539,4.8476,4.8318,4.8353,4.8537,4.8453,4.8536,4.8334,4.8261,4.8345,4.8502,4.8609,4.8738,4.8246,4.8416,4.8391,4.8349,4.8907,4.8282,4.8382,4.8513,4.9164,4.8493,4.8850,4.8478,4.8478,4.8467,4.8271,4.8487,4.8458,4.8371,4.8475,4.8101,4.8432
lgdr,matwably,v8_7.4,0.0252,0.0089,0.0140,0.0589,66,0.0589,0.0261,0.0230,0.0227,0.0243,0.0213,0.0285,0.0241,0.0335,0.0306,0.0318,0.0191,0.0199,0.0198,0.0213,0.0296,0.0196,0.0312,0.0213,0.0187,0.0185,0.0186,0.0185,0.0198,0.0245,0.0248,0.0248,0.0254,0.0245,0.0267,0.0193,0.0272,0.0240,0.0247,0.0205,0.0212,0.0188,0.0255,0.0263,0.0237,0.0191,0.0224,0.0209,0.0221,0.0294,0.0140,0.0184,0.0182,0.0203,0.0184,0.0254,0.0222,0.0267,0.0281,0.0216,0.0188,0.0189,0.0206,0.0182,0.0160,0.0202,0.0453,0.0531,0.0415,0.0513,0.0469
capr,matwably,v8_7.4,7.2727,0.1836,7.1814,8.6639,66,8.6639,7.2165,7.2246,7.1961,7.2486,7.2836,7.2161,7.1977,7.2411,7.2128,7.2357,7.4852,7.2290,7.2205,7.2344,7.1814,7.2461,7.2179,7.2122,7.2096,7.2381,7.2123,7.2155,7.2117,7.2211,7.2075,7.2319,7.2628,7.2624,7.2211,7.2502,7.2567,7.2826,7.2814,7.2349,7.2563,7.2456,7.2477,7.2436,7.2335,7.2140,7.2641,7.2249,7.2338,7.3878,7.5511,7.3342,7.2261,7.2221,7.2629,7.2296,7.2490,7.2319,7.2559,7.2327,7.2390,7.2219,7.2612,7.2225,7.2304,7.2120,7.3173,7.2958,7.2848,7.2864,7.3142
numprime,matwably,SpiderMonkey67,0.1307,0.0029,0.1283,0.1423,66,0.1368,0.1308,0.1293,0.1288,0.1296,0.1297,0.1358,0.1294,0.1304,0.1300,0.1289,0.1307,0.1296,0.1338,0.1283,0.1320,0.1283,0.1303,0.1295,0.1287,0.1313,0.1283,0.1330,0.1300,0.1293,0.1295,0.1284,0.1290,0.1286,0.1366,0.1296,0.1423,0.1288,0.1294,0.1286,0.1335,0.1313,0.1319,0.1383,0.1380,0.1339,0.1286,0.1284,0.1338,0.1292,0.1314,0.1290,0.1286,0.1289,0.1285,0.1291,0.1290,0.1350,0.1292,0.1284,0.1284,0.1308,0.1297,0.1304,0.1345,0.1285,0.1284,0.1284,0.1295,0.1289,0.1310
babai,matwably,SpiderMonkey67,0.2172,0.0208,0.1987,0.3141,61,0.3141,0.3021,0.2624,0.2099,0.2081,0.2095,0.2038,0.2163,0.2003,0.2139,0.2044,0.2115,0.2153,0.2363,0.2211,0.2182,0.2157,0.2190,0.2203,0.2365,0.2187,0.2233,0.2313,0.2353,0.2177,0.2223,0.2130,0.2356,0.2208,0.2218,0.2125,0.2240,0.2268,0.2336,0.2159,0.2133,0.2068,0.2143,0.2079,0.2055,0.2012,0.2034,0.2012,0.1994,0.2088,0.2010,0.2015,0.1991,0.2001,0.2065,0.2260,0.1987,0.2068,0.2120,0.2026,0.2081,0.2027,0.2076,0.2152,0.2097,0.1990
numprime,matwably,v8_7.4,0.1336,0.0029,0.1303,0.1445,66,0.1442,0.1370,0.1310,0.1341,0.1338,0.1328,0.1322,0.1346,0.1338,0.1310,0.1355,0.1319,0.1314,0.1335,0.1346,0.1309,0.1319,0.1362,0.1319,0.1315,0.1339,0.1315,0.1331,0.1307,0.1332,0.1349,0.1318,0.1317,0.1373,0.1321,0.1307,0.1363,0.1323,0.1382,0.1360,0.1445,0.1330,0.1320,0.1329,0.1339,0.1317,0.1350,0.1308,0.1359,0.1310,0.1338,0.1318,0.1357,0.1303,0.1342,0.1355,0.1317,0.1385,0.1315,0.1332,0.1357,0.1307,0.1313,0.1330,0.1381,0.1304,0.1371,0.1315,0.1308,0.1307,0.1346
babai,matwably,v8_7.4,0.2500,0.0397,0.2293,0.5204,61,0.3315,0.3198,0.2635,0.2346,0.2403,0.2539,0.2551,0.2508,0.2443,0.2347,0.2366,0.2358,0.2572,0.2793,0.2657,0.2473,0.2387,0.2588,0.2411,0.2436,0.2346,0.2374,0.2514,0.2417,0.2368,0.2398,0.2361,0.2413,0.2593,0.2363,0.2523,0.2303,0.2321,0.2317,0.2306,0.2577,0.2311,0.5204,0.2416,0.2314,0.2422,0.2503,0.2324,0.2311,0.2357,0.2489,0.2319,0.2506,0.2514,0.2322,0.2293,0.2378,0.2341,0.2424,0.2505,0.2483,0.2357,0.2318,0.2334,0.2300,0.2631
crni,matwably,SpiderMonkey67,4.0120,0.2603,3.8853,5.3772,66,5.3772,4.0368,3.9013,3.9334,3.8903,3.9250,3.9153,3.9167,3.9151,3.8990,3.9473,3.9332,3.9100,3.9002,3.9783,3.9021,3.9220,3.9138,3.9207,3.9518,3.9051,3.9369,3.9074,3.9539,3.9347,3.9141,3.9356,3.9144,4.3123,4.3428,4.7802,4.1153,3.9547,3.9127,3.9742,3.9078,3.9711,3.9187,3.9156,3.9453,3.8853,3.9609,3.9375,3.9096,3.9466,3.9143,3.9210,3.9236,3.9513,3.9217,3.9422,3.9015,4.0359,4.0165,3.9063,3.9701,3.9323,3.9289,3.9065,4.7883,4.8648,4.0215,3.9839,3.9516,3.9406,3.9880
crni,matwably,v8_7.4,4.6259,0.1451,4.5611,5.7256,66,5.7256,4.6480,4.5906,4.6119,4.5834,4.6232,4.6302,4.6377,4.6141,4.5930,4.5656,4.5984,4.6041,4.5810,4.5689,4.5867,4.5719,4.5976,4.5657,4.5724,4.5611,4.5785,4.5646,4.6124,4.5941,4.5988,4.5741,4.5946,4.5809,4.6221,4.6029,4.7894,4.5699,4.6287,4.5711,4.5782,4.6139,4.5890,4.6042,4.6180,4.5849,4.5982,4.5835,4.6088,4.5809,4.6166,4.5969,4.5805,4.5992,4.6079,4.5935,4.6900,4.5948,4.5879,4.5945,4.5869,4.5770,4.6034,4.6123,4.5889,4.5815,4.7148,4.7175,4.7411,4.7256,4.7222
dirich,matwably,SpiderMonkey67,0.0046,0.0007,0.0043,0.0080,66,0.0047,0.0043,0.0047,0.0043,0.0043,0.0046,0.0043,0.0043,0.0052,0.0043,0.0043,0.0045,0.0044,0.0043,0.0054,0.0043,0.0045,0.0043,0.0044,0.0045,0.0044,0.0043,0.0045,0.0044,0.0043,0.0044,0.0044,0.0043,0.0043,0.0043,0.0045,0.0045,0.0068,0.0066,0.0052,0.0044,0.0061,0.0043,0.0043,0.0043,0.0043,0.0043,0.0043,0.0044,0.0043,0.0043,0.0045,0.0044,0.0044,0.0044,0.0044,0.0045,0.0044,0.0044,0.0049,0.0044,0.0080,0.0045,0.0044,0.0045,0.0044,0.0065,0.0045,0.0046,0.0045,0.0045
dirich,matwably,v8_7.4,0.0082,0.0023,0.0051,0.0167,66,0.0093,0.0069,0.0114,0.0065,0.0067,0.0065,0.0064,0.0064,0.0066,0.0065,0.0088,0.0120,0.0082,0.0102,0.0072,0.0070,0.0064,0.0094,0.0097,0.0051,0.0065,0.0080,0.0086,0.0073,0.0063,0.0084,0.0086,0.0082,0.0076,0.0065,0.0052,0.0089,0.0067,0.0091,0.0084,0.0065,0.0065,0.0065,0.0066,0.0067,0.0061,0.0101,0.0068,0.0079,0.0076,0.0067,0.0089,0.0068,0.0066,0.0087,0.0064,0.0091,0.0067,0.0076,0.0078,0.0072,0.0122,0.0122,0.0110,0.0153,0.0065,0.0124,0.0068,0.0115,0.0108,0.0167
bubble,matwably-gc-no-free,v8_7.4,1.5277,0.0528,1.4753,1.7314,60,1.5290,1.5057,1.4870,1.5047,1.5428,1.5613,1.4802,1.4809,1.4861,1.4947,1.4981,1.4788,1.5409,1.5075,1.4933,1.4905,1.5920,1.5449,1.4901,1.5345,1.5369,1.5112,1.4843,1.4870,1.4874,1.4953,1.5271,1.5001,1.4927,1.4930,1.5876,1.5224,1.5082,1.4967,1.4905,1.4856,1.4753,1.4919,1.5017,1.5710,1.5435,1.5152,1.5415,1.6014,1.5700,1.7314,1.5340,1.6786,1.6653,1.6472,1.6102,1.5146,1.4876,1.4922,1.5063,1.5281,1.5386,1.5295,1.5012,1.5345
bubble,matwably-gc-no-free,SpiderMonkey67,1.2479,0.0176,1.2207,1.2928,60,1.2327,1.2371,1.2772,1.2501,1.2318,1.2579,1.2497,1.2430,1.2684,1.2552,1.2343,1.2452,1.2500,1.2433,1.2252,1.2401,1.2209,1.2364,1.2451,1.2892,1.2612,1.2566,1.2456,1.2246,1.2592,1.2438,1.2282,1.2564,1.2518,1.2287,1.2638,1.2316,1.2843,1.2773,1.2207,1.2460,1.2214,1.2390,1.2506,1.2414,1.2224,1.2810,1.2395,1.2490,1.2356,1.2532,1.2779,1.2312,1.2480,1.2418,1.2928,1.2416,1.2285,1.2567,1.2417,1.2362,1.2576,1.2476,1.2738,1.2524
bubble,matwably-gc-dyn,v8_7.4,1.5118,0.0228,1.4864,1.6302,65,1.5084,1.5324,1.5099,1.5037,1.5028,1.4978,1.5086,1.5487,1.5040,1.4957,1.4950,1.4999,1.4999,1.4897,1.5062,1.4895,1.5139,1.5606,1.5066,1.5128,1.5070,1.4970,1.5265,1.5419,1.5044,1.5031,1.6302,1.5096,1.4902,1.5480,1.5375,1.5066,1.5138,1.5176,1.5021,1.4987,1.4957,1.5452,1.4998,1.4976,1.5009,1.4864,1.5070,1.4931,1.5051,1.5012,1.5589,1.5076,1.5020,1.5064,1.5036,1.5140,1.4937,1.5240,1.4925,1.4954,1.4996,1.4968,1.5056,1.5164,1.5137,1.5519,1.5091,1.5162,1.5083
bubble,matwably-gc-dyn,SpiderMonkey67,1.2510,0.0172,1.2163,1.3035,65,1.2508,1.2475,1.2347,1.2592,1.2413,1.2410,1.2596,1.2557,1.2454,1.2656,1.2803,1.2462,1.2375,1.2445,1.2510,1.2439,1.2437,1.2423,1.2391,1.2422,1.2749,1.2566,1.2263,1.2512,1.2359,1.2380,1.2544,1.2402,1.2667,1.2474,1.2833,1.2523,1.2519,1.2437,1.2642,1.2413,1.2483,1.2463,1.2434,1.2731,1.2538,1.2329,1.2512,1.2382,1.2422,1.2486,1.2489,1.2360,1.2551,1.2376,1.2477,1.2504,1.2522,1.2333,1.2468,1.2569,1.2312,1.2285,1.2692,1.2372,1.2828,1.3026,1.3035,1.2976,1.2163
capr,matwably-gc-no-free,SpiderMonkey67,4.0990,0.0909,4.0474,4.7292,60,4.0798,4.1115,4.0682,4.0951,4.0744,4.0752,4.0702,4.0633,4.1379,4.0621,4.1276,4.0723,4.0686,4.0691,4.0679,4.1056,4.0949,4.0873,4.2667,4.1234,4.0731,4.0807,4.1440,4.0860,4.0677,4.0548,4.0939,4.0679,4.0760,4.1200,4.0928,4.0792,4.0685,4.0873,4.0665,4.0474,4.7292,4.0706,4.2416,4.0754,4.0797,4.0810,4.0835,4.0746,4.0738,4.1142,4.0554,4.0592,4.0726,4.0872,4.1100,4.0972,4.0658,4.0679,4.0671,4.0527,4.0762,4.1228,4.0772,4.0807
capr,matwably-gc-no-free,v8_7.4,7.5420,0.0401,7.5073,7.8083,60,7.5185,7.5167,7.5921,7.5114,7.5257,7.5246,7.5808,7.5360,7.5316,7.5459,7.5477,7.5191,7.5244,7.5466,7.5506,7.5164,7.5674,7.5542,7.5340,7.5179,7.5362,7.5273,7.5526,7.5256,7.5572,7.5073,7.5658,7.5231,7.5320,7.5191,7.5649,7.5629,7.5293,7.5135,7.5382,7.5585,7.5152,7.5099,7.5182,7.5642,7.8083,7.5259,7.5467,7.5512,7.5124,7.5383,7.5261,7.5772,7.5223,7.5451,7.5235,7.5575,7.5270,7.5263,7.5276,7.5607,7.5217,7.5374,7.5490,7.5506
capr,matwably-gc-dyn,SpiderMonkey67,3.8160,0.0594,3.7729,4.0280,65,3.8210,3.7979,3.7966,3.7891,3.7915,3.7837,3.7909,3.8037,3.7901,3.8540,3.7775,3.7944,3.8124,3.8041,3.7979,3.8084,3.8030,3.7882,3.7824,3.8038,3.8005,3.8011,3.7830,3.8243,3.7866,3.7889,3.8079,3.7817,3.8111,3.7880,3.8410,3.7939,3.7857,3.8518,3.7892,3.8084,3.7729,3.7788,3.7871,3.7885,3.7961,3.8117,3.7979,3.7929,3.7993,3.7804,3.7868,3.8036,3.7999,3.8206,3.7921,3.7833,3.7876,3.7923,3.7848,3.7925,3.8487,3.8731,3.7970,3.7925,3.9863,4.0280,4.0161,4.0188,3.9953
capr,matwably-gc-dyn,v8_7.4,6.6914,0.2006,6.5882,7.7884,65,6.6579,6.6185,6.6154,6.6089,6.6514,6.6167,6.6094,6.6190,6.6233,6.6528,6.6127,6.6160,6.7150,6.6703,6.6394,6.6262,6.6355,6.6554,6.6427,6.6664,6.6337,6.6433,6.6058,6.6476,6.7131,6.6281,6.6051,6.6207,6.6144,6.6390,6.6752,6.7044,6.7314,6.5977,6.6172,6.5882,6.6271,6.6572,6.6164,6.6196,6.6137,6.6277,6.6399,6.6337,6.6445,6.6245,6.6024,6.6699,6.6086,6.6127,6.6113,6.5985,7.2582,6.6122,6.6069,6.5958,6.6174,6.6745,6.6146,6.6048,7.1541,7.0914,7.1193,7.1799,7.7884
clos,matwably-gc-no-free,SpiderMonkey67,4.8155,0.0691,4.7600,5.2265,60,5.2265,4.8141,4.7862,4.8028,4.7975,4.8440,4.7607,4.7682,4.7848,4.8425,4.8027,4.8179,4.8436,4.7810,4.8259,4.7885,4.7888,4.8384,4.8002,4.7726,4.7770,4.7945,4.7845,4.8262,4.8251,4.7799,4.8103,4.7815,4.7863,4.7965,4.8799,4.7933,4.7842,4.8046,4.7600,4.8015,4.7764,4.7719,4.8367,4.7800,4.7861,4.9373,4.7894,4.8102,4.8149,4.7924,4.7828,4.8206,4.7756,4.7859,4.8192,4.7797,4.7787,4.9009,4.9560,4.9616,4.8458,4.7657,4.8113,4.7805
clos,matwably-gc-no-free,v8_7.4,5.8593,0.1204,5.7876,6.4070,60,5.8388,5.7985,5.8234,5.8003,5.8605,5.8406,5.8042,5.8224,5.7951,5.8666,5.8580,5.9246,5.8868,5.8153,5.8446,5.7984,5.8085,5.8117,5.8275,5.8116,5.8125,5.8222,5.7876,5.8286,5.8452,5.7888,5.8083,5.7935,5.8379,5.8559,5.8560,5.8983,6.3090,5.9571,5.8608,5.7914,5.8572,5.8126,5.8100,5.7909,5.8093,5.8560,5.8146,6.2749,6.4070,5.8265,5.8618,5.7898,5.8066,5.7990,5.8213,5.8458,5.8133,5.8130,5.8421,5.9111,6.1047,5.7948,5.8008,5.8052
clos,matwably-gc-dyn,v8_7.4,5.8795,0.0488,5.8289,6.1795,65,5.9165,5.8516,5.8692,5.8573,5.9301,5.8485,5.8889,5.8508,5.8289,5.9195,5.8807,5.8743,5.8579,5.8353,5.9087,5.8495,5.8695,5.8786,5.8386,5.8708,5.8599,5.8779,5.8633,5.8826,5.8913,5.8618,5.8643,5.8485,5.8558,5.8957,5.9269,5.8495,5.8902,5.8844,5.8441,5.8609,5.8575,5.8867,5.8536,5.8981,5.8411,5.8489,5.9158,5.9385,5.9187,5.8690,5.8448,5.9048,5.8615,5.8504,5.8350,5.8543,5.9245,5.8535,5.8440,5.8514,5.8539,6.1795,5.8640,5.8427,5.9492,5.9167,5.9689,5.8751,5.8839
clos,matwably-gc-dyn,SpiderMonkey67,4.8118,0.0430,4.7639,5.0711,65,4.8437,4.7662,4.7930,4.7874,4.8250,4.8175,4.8371,4.7930,4.8045,4.8115,4.8040,4.8283,4.8365,4.7818,4.7801,4.8446,4.7961,4.8439,4.8144,4.7984,4.7746,4.7836,4.7821,4.9034,4.7951,4.8192,4.7868,5.0711,4.7921,4.8407,4.8514,4.7859,4.8466,4.8440,4.7761,4.7779,4.7873,4.8003,4.8103,4.8321,4.7912,4.7972,4.7752,4.8036,4.7889,4.8160,4.7658,4.7830,4.7639,4.8003,4.7750,4.8296,4.8578,4.7876,4.7897,4.8283,4.7838,4.8483,4.7766,4.8299,4.8497,4.8149,4.8130,4.8000,4.8276
collatz,matwably-gc-no-free,SpiderMonkey67,0.0755,0.0024,0.0733,0.0831,60,0.0817,0.0740,0.0743,0.0734,0.0750,0.0736,0.0740,0.0749,0.0739,0.0751,0.0760,0.0742,0.0741,0.0742,0.0751,0.0748,0.0746,0.0750,0.0751,0.0751,0.0749,0.0769,0.0749,0.0742,0.0751,0.0775,0.0754,0.0739,0.0741,0.0737,0.0783,0.0831,0.0739,0.0823,0.0734,0.0791,0.0733,0.0801,0.0740,0.0780,0.0737,0.0803,0.0740,0.0779,0.0737,0.0805,0.0748,0.0761,0.0750,0.0750,0.0748,0.0772,0.0744,0.0742,0.0740,0.0759,0.0733,0.0738,0.0739,0.0755
collatz,matwably-gc-no-free,v8_7.4,0.0871,0.0022,0.0843,0.0948,60,0.0860,0.0854,0.0883,0.0880,0.0876,0.0856,0.0889,0.0880,0.0861,0.0862,0.0876,0.0918,0.0898,0.0874,0.0908,0.0877,0.0872,0.0851,0.0854,0.0871,0.0862,0.0890,0.0865,0.0846,0.0859,0.0846,0.0870,0.0870,0.0849,0.0846,0.0856,0.0865,0.0861,0.0866,0.0921,0.0862,0.0868,0.0863,0.0890,0.0888,0.0855,0.0853,0.0890,0.0935,0.0948,0.0864,0.0859,0.0857,0.0880,0.0851,0.0860,0.0858,0.0852,0.0883,0.0872,0.0858,0.0891,0.0862,0.0850,0.0843
collatz,matwably-gc-dyn,v8_7.4,0.0874,0.0033,0.0839,0.1027,65,0.0885,0.0858,0.0855,0.0842,0.0854,0.0880,0.0855,0.0839,0.0856,0.0892,0.0887,0.0849,0.0849,0.0875,0.0850,0.0847,0.0851,0.0846,0.0843,0.0892,0.0846,0.0858,0.0866,0.0881,0.0848,0.0858,0.0847,0.0892,0.0865,0.0860,0.0862,0.0852,0.0895,0.0883,0.0850,0.0846,0.0853,0.0868,0.0871,0.0846,0.0876,0.0870,0.0904,0.0865,0.0928,0.0877,0.0927,0.0849,0.0939,0.0861,0.0959,0.0854,0.0915,0.0905,0.1027,0.0870,0.0941,0.0876,0.0930,0.0869,0.0861,0.0884,0.0874,0.0851,0.0853
collatz,matwably-gc-dyn,SpiderMonkey67,0.0757,0.0027,0.0733,0.0866,65,0.0833,0.0733,0.0733,0.0739,0.0733,0.0740,0.0733,0.0734,0.0741,0.0740,0.0740,0.0750,0.0739,0.0762,0.0743,0.0758,0.0749,0.0739,0.0748,0.0748,0.0739,0.0739,0.0739,0.0755,0.0738,0.0733,0.0746,0.0775,0.0746,0.0750,0.0866,0.0772,0.0742,0.0755,0.0741,0.0757,0.0754,0.0744,0.0740,0.0748,0.0739,0.0758,0.0739,0.0802,0.0733,0.0791,0.0741,0.0813,0.0747,0.0780,0.0746,0.0792,0.0749,0.0782,0.0785,0.0774,0.0775,0.0774,0.0739,0.0803,0.0744,0.0774,0.0738,0.0817,0.0740
crni,matwably-gc-no-free,v8_7.4,5.4473,0.3610,5.2942,7.4185,60,7.4185,6.7500,6.6645,5.6098,5.3176,5.3580,5.3195,5.3411,5.5519,5.2942,5.3150,5.3014,5.3552,5.3082,5.3530,5.3352,5.3135,5.3716,5.3228,5.3529,5.3860,5.3646,5.3316,5.3002,5.3349,5.3431,5.4340,5.3087,5.3402,5.3154,5.5629,5.3070,5.3688,5.3995,5.4308,5.3259,5.5412,5.3675,5.3219,5.3322,5.3094,5.3466,5.3232,5.3390,5.3910,5.3676,5.3583,5.3838,5.3078,5.3266,5.4190,5.4690,5.4995,5.3608,5.4106,5.4008,5.3313,5.3432,5.3669,5.4142
crni,matwably-gc-no-free,SpiderMonkey67,4.6711,0.0612,4.5975,4.8629,60,4.7312,4.6458,4.6706,4.6202,4.6239,4.6892,4.7573,4.6570,4.6539,4.6368,4.6212,4.6481,4.6170,4.7181,4.6351,4.6034,4.6510,4.6287,4.6843,4.6405,4.6625,4.6398,4.6698,4.6853,4.6923,4.7843,4.7328,4.6462,4.6248,4.6050,4.8158,4.7928,4.8629,4.7743,4.6420,4.6356,4.8555,4.6839,4.6970,4.7085,4.5975,4.6392,4.6548,4.6484,4.6534,4.6444,4.6413,4.6213,4.6630,4.6119,4.6389,4.6820,4.7588,4.6295,4.6334,4.6465,4.7009,4.6478,4.6060,4.6045
crni,matwably-gc-dyn,v8_7.4,4.6283,0.1258,4.5450,5.0896,65,4.6693,4.5739,4.6279,4.5789,4.5781,4.5722,4.5871,4.9179,5.0896,4.5834,4.5939,4.5705,4.5971,4.5708,4.6180,4.5702,4.5852,4.5779,4.6159,4.5581,4.6325,4.5665,4.5942,4.5515,4.6188,4.5775,4.6234,4.5623,4.5904,4.5757,4.7857,4.6107,4.6631,4.6125,4.5860,4.5479,4.5726,4.5757,4.5627,4.5700,4.5667,4.5604,4.5450,4.5906,4.5677,4.5815,4.5532,4.5712,4.5682,4.5874,4.5503,4.5911,4.5541,4.5699,4.5730,4.6008,4.5744,4.5920,4.5728,4.5717,4.9754,4.9364,4.9941,4.9409,4.9338
crni,matwably-gc-dyn,SpiderMonkey67,3.9333,0.0636,3.8670,4.2900,65,3.9896,3.8748,3.9589,4.0087,3.9528,3.9346,3.9346,3.9099,3.8814,3.9233,3.9362,3.8981,3.9308,3.9072,3.9298,3.9293,3.9358,3.9891,3.9008,3.9449,3.9549,3.8788,3.8706,3.9191,3.9403,3.9251,3.9021,3.9533,3.8871,3.9008,4.0501,3.9051,3.9698,3.8895,3.9087,3.8692,3.8710,3.9191,3.9157,3.9032,3.8670,3.9535,3.8857,3.9031,3.9512,3.8934,4.2900,3.9097,3.8995,3.9235,3.8765,3.8868,3.9213,3.8809,3.9632,4.0647,3.8915,3.9148,3.8862,3.9000,4.0104,4.0004,3.9746,3.9745,4.0392
dirich,matwably-gc-no-free,v8_7.4,0.0273,0.0036,0.0206,0.0373,60,0.0294,0.0291,0.0266,0.0212,0.0222,0.0223,0.0273,0.0236,0.0276,0.0206,0.0227,0.0262,0.0216,0.0235,0.0217,0.0244,0.0280,0.0244,0.0259,0.0281,0.0286,0.0238,0.0268,0.0280,0.0249,0.0238,0.0289,0.0293,0.0247,0.0265,0.0266,0.0259,0.0282,0.0297,0.0343,0.0316,0.0373,0.0315,0.0252,0.0254,0.0314,0.0283,0.0340,0.0259,0.0251,0.0252,0.0259,0.0280,0.0357,0.0323,0.0304,0.0299,0.0282,0.0251,0.0300,0.0310,0.0312,0.0278,0.0281,0.0292
dirich,matwably-gc-no-free,SpiderMonkey67,0.0211,0.0021,0.0194,0.0297,60,0.0297,0.0230,0.0215,0.0204,0.0195,0.0216,0.0217,0.0202,0.0198,0.0200,0.0198,0.0208,0.0216,0.0196,0.0207,0.0229,0.0222,0.0254,0.0196,0.0194,0.0204,0.0197,0.0206,0.0198,0.0196,0.0207,0.0200,0.0195,0.0214,0.0197,0.0289,0.0250,0.0254,0.0197,0.0200,0.0217,0.0199,0.0198,0.0195,0.0215,0.0217,0.0198,0.0215,0.0198,0.0244,0.0203,0.0199,0.0196,0.0196,0.0196,0.0207,0.0203,0.0199,0.0212,0.0207,0.0225,0.0207,0.0205,0.0197,0.0200
dirich,matwably-gc-dyn,v8_7.4,0.0085,0.0021,0.0045,0.0167,65,0.0076,0.0084,0.0083,0.0068,0.0075,0.0069,0.0075,0.0066,0.0081,0.0083,0.0118,0.0066,0.0120,0.0091,0.0090,0.0091,0.0086,0.0065,0.0066,0.0134,0.0110,0.0086,0.0097,0.0092,0.0065,0.0071,0.0084,0.0167,0.0067,0.0067,0.0092,0.0084,0.0066,0.0067,0.0066,0.0067,0.0074,0.0067,0.0116,0.0087,0.0066,0.0098,0.0092,0.0087,0.0069,0.0069,0.0092,0.0077,0.0069,0.0068,0.0114,0.0067,0.0128,0.0083,0.0100,0.0059,0.0081,0.0045,0.0069,0.0077,0.0092,0.0099,0.0100,0.0077,0.0135
dirich,matwably-gc-dyn,SpiderMonkey67,0.0047,0.0007,0.0043,0.0074,65,0.0074,0.0061,0.0044,0.0044,0.0044,0.0061,0.0044,0.0044,0.0043,0.0043,0.0044,0.0043,0.0043,0.0044,0.0044,0.0044,0.0043,0.0044,0.0045,0.0043,0.0044,0.0053,0.0044,0.0043,0.0044,0.0043,0.0050,0.0045,0.0044,0.0043,0.0044,0.0066,0.0071,0.0044,0.0043,0.0044,0.0044,0.0048,0.0043,0.0044,0.0054,0.0043,0.0054,0.0044,0.0044,0.0043,0.0045,0.0043,0.0043,0.0044,0.0043,0.0043,0.0049,0.0044,0.0050,0.0060,0.0044,0.0043,0.0044,0.0043,0.0047,0.0058,0.0047,0.0048,0.0047
fdtd,matwably-gc-no-free,v8_7.4,1.7832,0.0376,1.7432,1.9408,60,1.9408,1.7444,1.7703,1.7754,1.7643,1.8063,1.8648,1.8349,1.7705,1.7729,1.7736,1.7715,1.7865,1.7709,1.7877,1.7652,1.7731,1.7930,1.8141,1.7540,1.7823,1.7880,1.7782,1.7614,1.7542,1.7820,1.7600,1.7493,1.7708,1.7784,1.9284,1.7675,1.7555,1.7574,1.7655,1.7797,1.7538,1.7837,1.7809,1.7667,1.7681,1.7687,1.7742,1.7631,1.7591,1.8733,1.8235,1.7537,1.7747,1.8227,1.7869,1.7645,1.7701,1.7773,1.7798,1.7432,1.7748,1.7902,1.7711,1.7742
fdtd,matwably-gc-dyn,v8_7.4,1.3338,0.0500,1.2928,1.5794,65,1.5545,1.3204,1.3675,1.3139,1.3249,1.3287,1.3115,1.3023,1.3304,1.3356,1.3158,1.2973,1.3274,1.3335,1.3129,1.3298,1.3416,1.3101,1.2981,1.2956,1.3772,1.3364,1.3092,1.3124,1.3252,1.3092,1.3045,1.3216,1.3195,1.3211,1.5794,1.2986,1.3254,1.3647,1.3290,1.3154,1.3229,1.3192,1.3061,1.3403,1.3142,1.3019,1.3271,1.3116,1.2928,1.3222,1.3111,1.3107,1.3019,1.3280,1.3230,1.3528,1.3075,1.3161,1.3073,1.3196,1.3168,1.3152,1.3189,1.3206,1.3927,1.4435,1.4027,1.3863,1.3632
fdtd,matwably-gc-no-free,SpiderMonkey67,1.5875,0.0423,1.5537,1.8295,60,1.7480,1.5750,1.6126,1.5967,1.5965,1.5793,1.5730,1.5850,1.5818,1.5929,1.5822,1.5635,1.5728,1.5571,1.5831,1.5568,1.5728,1.6079,1.5889,1.5939,1.5835,1.5771,1.5701,1.5776,1.5669,1.5653,1.5886,1.5537,1.5576,1.5606,1.8295,1.5640,1.5668,1.6196,1.5709,1.5685,1.5771,1.5748,1.5765,1.5803,1.5853,1.5941,1.5754,1.5751,1.5851,1.5574,1.5686,1.5721,1.6139,1.6388,1.5655,1.5802,1.5668,1.5884,1.5849,1.5718,1.6386,1.5834,1.5735,1.5845
fdtd,matwably-gc-dyn,SpiderMonkey67,1.1498,0.0447,1.1108,1.3975,65,1.3560,1.1108,1.1269,1.1512,1.1334,1.1245,1.1357,1.1612,1.1859,1.1838,1.1322,1.1370,1.1355,1.1315,1.1312,1.1409,1.1351,1.1485,1.1331,1.1356,1.1321,1.1441,1.1292,1.1191,1.1446,1.1399,1.1457,1.1625,1.1464,1.1435,1.3975,1.1320,1.1261,1.1301,1.1215,1.1569,1.1363,1.1255,1.1278,1.1694,1.1423,1.1377,1.1497,1.1961,1.1300,1.1589,1.1398,1.1353,1.1205,1.1425,1.1533,1.1425,1.1280,1.1222,1.1368,1.1348,1.1299,1.1370,1.1912,1.1187,1.1649,1.1593,1.1697,1.1628,1.1747
fft,matwably-gc-no-free,v8_7.4,0.8623,0.1367,0.7930,1.6643,60,1.0569,0.8913,0.7956,0.8244,0.7957,0.8148,0.8193,0.8193,0.7955,0.8172,0.8186,0.9960,0.8437,0.8386,0.8002,0.8295,0.7972,0.8352,0.7930,0.8352,0.7993,0.8169,0.8013,0.8169,0.8029,0.8148,0.8226,0.8115,0.8202,0.8173,1.0141,0.8330,0.8046,0.8177,0.8223,0.8101,0.8110,0.8246,0.8125,1.6643,0.9114,1.1258,1.1841,0.9180,0.8509,1.1568,0.8233,0.8432,0.8119,0.8205,0.7948,0.8299,0.8072,0.8124,0.8104,0.8091,0.8092,0.8117,0.8228,0.8284
fft,matwably-gc-no-free,SpiderMonkey67,0.8230,0.0330,0.7875,1.0203,60,0.9075,0.8316,0.7958,0.8233,0.8250,0.8075,0.8183,0.8042,0.8297,0.8105,0.8251,0.8664,0.7955,0.8184,0.8214,0.8370,0.8124,0.7937,0.8441,0.8062,0.8157,0.8429,0.7875,0.8128,0.8141,0.8299,0.8090,0.7960,0.8330,0.8259,1.0203,0.8740,0.8119,0.8299,0.7974,0.8245,0.8226,0.8063,0.8222,0.8113,0.8261,0.8088,0.8063,0.8295,0.7920,0.8113,0.8346,0.8063,0.8157,0.8101,0.8362,0.8174,0.8067,0.8544,0.7989,0.8072,0.8202,0.8173,0.8143,0.8046
fft,matwably-gc-dyn,v8_7.4,0.8285,0.0297,0.7969,0.9814,65,0.9577,0.8417,0.8683,0.8239,0.8186,0.8193,0.8257,0.8226,0.8291,0.8255,0.8388,0.8167,0.8212,0.8190,0.8437,0.8193,0.8373,0.8086,0.8405,0.8094,0.8189,0.7969,0.8442,0.7998,0.8232,0.8107,0.8372,0.8020,0.8684,0.8024,0.9814,0.8487,0.8052,0.8248,0.8036,0.8308,0.8294,0.8303,0.8191,0.8281,0.8255,0.8202,0.8191,0.8293,0.8206,0.8161,0.8306,0.8243,0.8255,0.8194,0.8298,0.8268,0.8130,0.8112,0.8510,0.8097,0.8087,0.7991,0.8456,0.8059,0.8443,0.8122,0.8444,0.8001,0.8254
fiff,matwably,v8_7.4,3.6294,0.1773,3.4726,4.5109,65,3.7741,3.6246,3.6461,3.6691,3.6166,3.4933,3.5899,3.5272,3.5261,3.4726,3.5432,3.5518,3.6305,3.6141,3.6386,3.5328,3.5514,3.6592,3.6500,3.5694,3.4977,3.5599,3.5322,3.5587,3.6902,3.4844,3.6133,3.6340,3.6072,3.5090,3.9827,3.5627,3.6275,3.7053,3.5854,3.7362,3.5580,3.5278,3.6588,3.5364,3.5769,3.5661,3.6137,3.5490,3.5521,3.9931,3.7048,3.5140,3.6505,3.5710,3.5491,3.5305,3.7394,3.4789,3.5755,3.6492,3.6328,3.5151,3.5321,3.5329,4.3924,3.6811,4.5109,3.5369,3.7149
fiff,matwably,SpiderMonkey67,1.8448,0.0750,1.7386,2.2919,65,2.1650,1.8284,1.8369,1.8203,1.8251,1.8358,1.8264,1.8633,1.8282,1.8335,1.8536,1.8166,1.8304,1.8526,1.8413,1.8601,1.8278,1.8456,1.8509,1.8453,1.8481,1.8715,1.8321,1.8486,1.8362,1.8322,1.8603,1.8298,1.8481,1.8373,2.2919,1.8413,1.8231,1.8299,1.8419,1.8515,1.8369,1.8183,1.8369,1.8374,1.8415,1.8218,1.9152,1.8529,1.8270,1.8386,1.8273,1.8752,1.8564,1.8308,1.8292,1.8314,1.8291,1.8370,1.8300,1.8160,1.8371,1.8294,1.8320,1.8337,1.7386,1.7618,1.7623,1.7578,1.7577
fiff,matwably-gc-no-free,v8_7.4,3.8865,0.4909,3.7108,6.4778,60,4.2521,3.7716,3.7889,3.7985,3.8405,3.7688,3.7108,3.7638,3.8038,3.8497,3.8385,3.7197,3.7535,3.7962,3.8094,3.7980,3.9539,6.4778,3.7499,3.7631,3.7677,3.7322,3.8087,3.7453,6.4605,3.8232,3.7732,3.7645,3.7756,3.7423,4.0579,3.7942,3.7989,3.9522,3.7346,3.8040,3.8057,3.8214,3.7769,3.7500,3.7483,3.7176,3.7512,3.7194,3.7715,3.7198,3.8493,3.7621,3.7995,3.7948,3.7471,3.7531,3.7828,3.7978,3.7739,3.8436,3.8043,3.7392,3.7597,3.8569
lgdr,matwably,SpiderMonkey67,0.0110,0.0038,0.0091,0.0272,66,0.0272,0.0167,0.0098,0.0147,0.0092,0.0092,0.0107,0.0093,0.0093,0.0092,0.0092,0.0093,0.0092,0.0093,0.0092,0.0092,0.0093,0.0091,0.0094,0.0092,0.0092,0.0095,0.0094,0.0100,0.0093,0.0139,0.0094,0.0092,0.0093,0.0092,0.0095,0.0166,0.0092,0.0094,0.0198,0.0099,0.0094,0.0102,0.0093,0.0093,0.0096,0.0092,0.0092,0.0094,0.0092,0.0096,0.0094,0.0093,0.0113,0.0092,0.0092,0.0093,0.0103,0.0092,0.0105,0.0092,0.0094,0.0093,0.0092,0.0110,0.0092,0.0191,0.0191,0.0191,0.0217,0.0193
fiff,matwably-gc-dyn,v8_7.4,3.6318,0.0930,3.5166,3.9756,65,3.9756,3.5797,3.5970,3.5548,3.5697,3.5765,3.6772,3.7409,3.5794,3.5344,3.6048,3.6284,3.5836,3.6031,3.6192,3.8026,3.6336,3.6828,3.6191,3.5319,3.5829,3.6719,3.5712,3.6221,3.6444,3.5396,3.6702,3.8121,3.6341,3.6446,3.9372,3.6555,3.6195,3.5477,3.7243,3.7104,3.5976,3.5599,3.6489,3.5618,3.5890,3.6560,3.5556,3.5666,3.6014,3.9036,3.5801,3.5633,3.5542,3.5800,3.6320,3.6568,3.5939,3.6535,3.6032,3.5406,3.6740,3.6661,3.7881,3.6270,3.5166,3.5999,3.5966,3.5553,3.5626
fiff,matwably-gc-dyn,SpiderMonkey67,1.8025,0.0749,1.7570,2.2209,65,2.1931,1.7719,1.7803,1.7839,1.7876,1.7948,1.7756,1.8012,1.7730,1.8177,1.8048,1.8165,1.7952,1.7848,1.7854,1.7969,1.8445,1.7951,1.7815,1.7972,1.7602,1.8011,1.7883,1.7992,1.8069,1.7601,1.7807,1.7956,1.7740,1.7855,2.2209,1.7577,1.7888,1.7570,1.7912,1.7822,1.7941,1.7898,1.7793,1.7788,1.8070,1.7787,1.7589,1.7738,1.7963,1.7844,1.8553,1.7851,1.7839,1.7949,1.7870,1.7755,1.7699,1.8059,1.7869,1.7748,1.7822,1.7786,1.7805,1.7908,1.8312,1.8078,1.8134,1.7975,1.7935
fft,matwably-gc-dyn,SpiderMonkey67,0.8121,0.0409,0.7693,1.0054,65,0.9241,0.8301,0.8009,0.7744,0.8220,0.7964,0.7944,0.8050,0.7807,0.8100,0.8212,0.7846,0.8046,0.7948,0.8534,0.8008,0.7764,0.8305,0.7813,0.7877,0.8093,0.7812,0.7948,0.8011,0.7955,0.8047,0.8039,0.8034,0.8047,0.7925,1.0054,0.8333,0.8000,0.8126,0.8043,0.7730,0.8052,0.7953,0.7931,0.8104,0.9549,0.8122,0.7990,0.9361,0.8067,0.7783,0.8216,0.7906,0.8231,0.8028,0.8099,0.7946,0.7693,0.8079,0.7967,0.7939,0.8279,0.8021,0.8006,0.7993,0.7908,0.8224,0.8147,0.8250,0.8076
lgdr,matwably-gc-no-free,v8_7.4,0.0215,0.0042,0.0131,0.0326,60,0.0207,0.0179,0.0209,0.0148,0.0178,0.0191,0.0190,0.0184,0.0282,0.0179,0.0175,0.0195,0.0157,0.0179,0.0269,0.0256,0.0254,0.0261,0.0232,0.0237,0.0315,0.0242,0.0258,0.0226,0.0200,0.0267,0.0223,0.0248,0.0212,0.0326,0.0224,0.0212,0.0194,0.0223,0.0238,0.0175,0.0182,0.0232,0.0184,0.0244,0.0226,0.0217,0.0257,0.0234,0.0215,0.0188,0.0175,0.0183,0.0179,0.0176,0.0131,0.0246,0.0309,0.0197,0.0173,0.0177,0.0178,0.0177,0.0185,0.0272
lgdr,matwably-gc-no-free,SpiderMonkey67,0.0100,0.0017,0.0090,0.0163,60,0.0163,0.0099,0.0142,0.0092,0.0110,0.0090,0.0092,0.0096,0.0094,0.0097,0.0099,0.0131,0.0092,0.0095,0.0091,0.0092,0.0091,0.0093,0.0098,0.0092,0.0092,0.0092,0.0091,0.0091,0.0100,0.0091,0.0091,0.0096,0.0092,0.0118,0.0160,0.0132,0.0091,0.0092,0.0133,0.0091,0.0092,0.0092,0.0092,0.0091,0.0092,0.0112,0.0090,0.0114,0.0092,0.0106,0.0091,0.0091,0.0091,0.0092,0.0124,0.0113,0.0092,0.0091,0.0092,0.0092,0.0090,0.0093,0.0095,0.0093
lgdr,matwably-gc-dyn,v8_7.4,0.0272,0.0125,0.0140,0.0719,65,0.0208,0.0186,0.0218,0.0209,0.0190,0.0260,0.0249,0.0271,0.0242,0.0228,0.0267,0.0359,0.0203,0.0242,0.0190,0.0184,0.0187,0.0185,0.0241,0.0271,0.0217,0.0245,0.0267,0.0244,0.0239,0.0245,0.0248,0.0217,0.0288,0.0302,0.0383,0.0244,0.0226,0.0243,0.0226,0.0188,0.0213,0.0262,0.0252,0.0140,0.0202,0.0171,0.0217,0.0251,0.0314,0.0234,0.0165,0.0231,0.0263,0.0194,0.0231,0.0264,0.0284,0.0276,0.0244,0.0225,0.0317,0.0267,0.0201,0.0251,0.0676,0.0719,0.0643,0.0676,0.0657
lgdr,matwably-gc-dyn,SpiderMonkey67,0.0113,0.0042,0.0093,0.0277,65,0.0095,0.0172,0.0148,0.0094,0.0095,0.0094,0.0095,0.0093,0.0095,0.0105,0.0111,0.0147,0.0096,0.0095,0.0094,0.0130,0.0094,0.0095,0.0096,0.0097,0.0094,0.0095,0.0147,0.0093,0.0095,0.0095,0.0095,0.0094,0.0093,0.0118,0.0180,0.0121,0.0096,0.0117,0.0094,0.0097,0.0093,0.0100,0.0093,0.0095,0.0106,0.0093,0.0097,0.0094,0.0093,0.0093,0.0101,0.0093,0.0093,0.0104,0.0095,0.0093,0.0093,0.0094,0.0093,0.0093,0.0096,0.0094,0.0094,0.0093,0.0234,0.0235,0.0277,0.0234,0.0233
fiff,matwably-gc-no-free,SpiderMonkey67,1.9498,0.0601,1.9155,2.2857,60,2.2016,1.9429,1.9304,1.9929,1.9164,1.9411,1.9385,1.9213,1.9276,1.9423,1.9375,1.9276,1.9267,1.9372,1.9205,1.9474,1.9826,1.9380,1.9362,1.9300,1.9299,1.9333,1.9366,1.9478,1.9346,1.9270,1.9567,1.9317,1.9456,1.9773,2.2857,2.0511,1.9323,1.9834,1.9203,1.9278,1.9265,1.9377,1.9220,1.9155,1.9378,1.9307,1.9214,1.9304,1.9309,1.9520,1.9688,1.9188,1.9281,1.9371,1.9249,1.9211,1.9318,1.9251,1.9300,1.9169,1.9884,1.9392,1.9428,1.9479
make_change,matwably-gc-no-free,v8_7.4,0.0029,0.0009,0.0018,0.0069,60,0.0025,0.0025,0.0025,0.0024,0.0025,0.0025,0.0026,0.0026,0.0026,0.0037,0.0028,0.0026,0.0025,0.0026,0.0046,0.0028,0.0068,0.0028,0.0035,0.0025,0.0069,0.0025,0.0025,0.0025,0.0025,0.0025,0.0025,0.0025,0.0025,0.0026,0.0025,0.0025,0.0025,0.0025,0.0025,0.0025,0.0018,0.0025,0.0025,0.0026,0.0050,0.0029,0.0026,0.0026,0.0025,0.0026,0.0031,0.0046,0.0026,0.0026,0.0026,0.0019,0.0025,0.0026,0.0029,0.0033,0.0038,0.0025,0.0034,0.0027
make_change,matwably-gc-dyn,SpiderMonkey67,0.0010,0.0002,0.0008,0.0018,65,0.0011,0.0009,0.0011,0.0009,0.0009,0.0008,0.0009,0.0009,0.0008,0.0009,0.0009,0.0009,0.0009,0.0009,0.0009,0.0012,0.0009,0.0009,0.0009,0.0010,0.0009,0.0009,0.0009,0.0009,0.0009,0.0009,0.0009,0.0009,0.0009,0.0009,0.0010,0.0018,0.0010,0.0012,0.0009,0.0016,0.0009,0.0014,0.0009,0.0009,0.0009,0.0009,0.0009,0.0009,0.0009,0.0009,0.0009,0.0011,0.0009,0.0009,0.0013,0.0016,0.0009,0.0009,0.0009,0.0009,0.0009,0.0009,0.0009,0.0009,0.0012,0.0012,0.0013,0.0014,0.0012
matmul,matwably-gc-no-free,v8_7.4,5.1054,0.4169,4.8130,6.0994,60,5.9163,6.0356,5.5009,5.8292,5.7470,5.6470,6.0994,5.4419,5.9593,6.0425,6.0169,5.8455,5.5666,5.7758,4.9875,4.8268,4.8624,4.8718,4.8333,4.8605,4.8130,4.8692,4.8465,4.8812,4.8595,4.8468,4.8130,4.8511,4.8371,4.8650,5.1899,4.8781,4.9147,4.9703,4.8393,4.8316,4.8449,4.8301,4.8524,4.8628,4.8335,4.8387,4.8482,4.8278,5.2022,5.2329,4.8336,4.8404,4.9081,4.8438,4.8510,4.8644,4.9404,4.9707,4.8334,5.0824,4.8344,4.8681,4.8425,4.8622
matmul,matwably-gc-no-free,SpiderMonkey67,2.3096,0.0746,2.2601,2.6745,60,2.6745,2.2864,2.3021,2.2793,2.2801,2.3050,2.2798,2.2744,2.3392,2.2777,2.3035,2.2715,2.2827,2.2760,2.2796,2.2780,2.2993,2.2741,2.2793,2.2890,2.2663,2.3136,2.3418,2.3508,2.2931,2.2738,2.3108,2.3003,2.3217,2.2728,2.6603,2.3256,2.3001,2.2601,2.4363,2.3183,2.3687,2.2753,2.2663,2.2703,2.3015,2.3105,2.3040,2.2854,2.2750,2.2858,2.2643,2.3317,2.2750,2.2996,2.4075,2.2794,2.2950,2.2878,2.2866,2.2670,2.2908,2.2644,2.3193,2.2869
matmul,matwably-gc-dyn,v8_7.4,4.8188,0.0544,4.7827,5.0978,65,5.0673,4.8403,4.7999,4.8003,4.8268,4.7920,4.7991,4.8453,4.7913,4.8115,4.8015,4.8084,4.7875,4.8474,4.8030,4.8165,4.7970,4.8036,4.8031,4.8317,4.8082,4.8238,4.8305,4.8143,4.7958,4.8079,4.8021,4.8029,4.8074,4.7954,5.0978,4.7953,4.8286,4.8572,4.8077,4.7948,4.8021,4.8158,4.7945,4.7856,4.8062,4.8031,4.7900,4.8109,4.7962,4.8072,4.8192,4.8026,4.8085,4.7933,4.7923,4.7942,4.8312,4.7850,4.8177,4.8254,4.7958,4.7881,4.8329,4.7931,4.9727,4.7830,4.8042,4.8471,4.7827
matmul,matwably-gc-dyn,SpiderMonkey67,2.3294,0.0834,2.2624,2.8115,65,2.6210,2.4326,2.3626,2.2807,2.3354,2.3098,2.2958,2.3129,2.2958,2.2648,2.3246,2.3576,2.3174,2.3578,2.3269,2.3596,2.2706,2.3119,2.2794,2.3423,2.3077,2.3213,2.3315,2.3308,2.3471,2.3151,2.3082,2.3108,2.4212,2.3897,2.8115,2.3278,2.3024,2.2810,2.2741,2.4887,2.2624,2.3171,2.3446,2.3337,2.2918,2.3290,2.3153,2.3031,2.3819,2.2643,2.3171,2.2730,2.2984,2.3158,2.2734,2.2972,2.3991,2.3103,2.3042,2.3210,2.2636,2.2798,2.2750,2.3146,2.2748,2.2836,2.2988,2.2691,2.2721
make_change,matwably-gc-dyn,v8_7.4,0.0029,0.0015,0.0023,0.0105,65,0.0024,0.0025,0.0024,0.0023,0.0024,0.0024,0.0023,0.0025,0.0024,0.0024,0.0024,0.0024,0.0025,0.0028,0.0024,0.0024,0.0024,0.0034,0.0025,0.0023,0.0024,0.0024,0.0024,0.0024,0.0024,0.0037,0.0025,0.0037,0.0025,0.0025,0.0024,0.0025,0.0025,0.0023,0.0023,0.0025,0.0024,0.0028,0.0025,0.0102,0.0024,0.0024,0.0024,0.0024,0.0061,0.0024,0.0026,0.0024,0.0027,0.0024,0.0023,0.0049,0.0023,0.0025,0.0040,0.0031,0.0026,0.0043,0.0105,0.0024,0.0032,0.0034,0.0031,0.0035,0.0023
make_change,matwably-gc-no-free,SpiderMonkey67,0.0011,0.0002,0.0011,0.0018,60,0.0018,0.0015,0.0011,0.0011,0.0011,0.0011,0.0011,0.0011,0.0011,0.0011,0.0011,0.0011,0.0011,0.0011,0.0011,0.0011,0.0011,0.0011,0.0011,0.0011,0.0011,0.0011,0.0011,0.0011,0.0011,0.0011,0.0011,0.0011,0.0011,0.0011,0.0018,0.0011,0.0018,0.0013,0.0015,0.0011,0.0011,0.0011,0.0011,0.0011,0.0011,0.0011,0.0011,0.0011,0.0011,0.0011,0.0011,0.0011,0.0011,0.0011,0.0012,0.0011,0.0011,0.0015,0.0011,0.0011,0.0012,0.0011,0.0011,0.0011
babai,matwably-gc-no-free,v8_7.4,0.3249,0.0187,0.3040,0.4096,60,0.4096,0.3136,0.3256,0.3117,0.3428,0.3260,0.3113,0.3119,0.3265,0.3279,0.3189,0.3354,0.3309,0.3198,0.3141,0.3404,0.3300,0.3234,0.3105,0.3330,0.3172,0.3134,0.3191,0.3331,0.3177,0.3210,0.3185,0.3357,0.3272,0.3219,0.3047,0.3075,0.3413,0.3243,0.3136,0.3186,0.3615,0.3071,0.3078,0.3229,0.3275,0.3088,0.3595,0.3676,0.3508,0.3636,0.3182,0.3040,0.3261,0.3255,0.3119,0.3081,0.3100,0.3269,0.3055,0.3082,0.3283,0.3316,0.3080,0.3065
babai,matwably-gc-no-free,SpiderMonkey67,0.2849,0.0116,0.2701,0.3504,60,0.3504,0.2958,0.2807,0.2805,0.2804,0.2806,0.2901,0.2890,0.2933,0.2996,0.2833,0.2887,0.2907,0.2773,0.2824,0.2846,0.2794,0.2835,0.2797,0.2853,0.2801,0.2790,0.2829,0.2954,0.2910,0.2943,0.2921,0.2781,0.2902,0.2799,0.2705,0.2965,0.2881,0.2912,0.2998,0.2935,0.2904,0.2879,0.2773,0.2750,0.2751,0.2773,0.2701,0.2718,0.2791,0.2747,0.2883,0.2768,0.2720,0.2731,0.2765,0.2744,0.2728,0.2765,0.2825,0.2830,0.2913,0.2901,0.2919,0.2887
babai,matwably-gc-dyn,SpiderMonkey67,0.2118,0.0153,0.1992,0.2872,60,0.2872,0.2627,0.2035,0.2126,0.2123,0.2073,0.2145,0.2102,0.2036,0.2045,0.2087,0.2153,0.2074,0.2073,0.2158,0.2017,0.2088,0.2027,0.2067,0.2091,0.2096,0.2097,0.2221,0.2604,0.2314,0.2105,0.2113,0.2132,0.2239,0.2220,0.2163,0.2248,0.2085,0.2070,0.2070,0.2018,0.2040,0.2050,0.2066,0.2026,0.2083,0.2000,0.1992,0.2023,0.2002,0.1994,0.2030,0.2074,0.2138,0.1997,0.2041,0.2019,0.2079,0.2007,0.2048,0.2099,0.2110,0.2087,0.2088,0.2180
mcpi,matwably-gc-no-free,v8_7.4,0.0109,0.0025,0.0038,0.0172,90,0.0111,0.0093,0.0089,0.0093,0.0092,0.0125,0.0113,0.0108,0.0104,0.0106,0.0080,0.0096,0.0101,0.0143,0.0114,0.0094,0.0101,0.0094,0.0124,0.0101,0.0106,0.0065,0.0105,0.0091,0.0166,0.0123,0.0103,0.0104,0.0107,0.0116,0.0105,0.0091,0.0125,0.0116,0.0092,0.0113,0.0105,0.0106,0.0104,0.0172,0.0089,0.0105,0.0095,0.0051,0.0094,0.0052,0.0090,0.0118,0.0104,0.0133,0.0108,0.0080,0.0076,0.0069,0.0118,0.0092,0.0159,0.0094,0.0093,0.0058,0.0144,0.0038,0.0103,0.0154,0.0100,0.0094,0.0088,0.0109,0.0153,0.0112,0.0158,0.0105,0.0125,0.0143,0.0132,0.0125,0.0132,0.0149,0.0133,0.0129,0.0104,0.0113,0.0135,0.0142,0.0116,0.0116,0.0110,0.0124,0.0134,0.0071
mcpi,matwably-gc-no-free,SpiderMonkey67,0.0014,0.0002,0.0013,0.0023,90,0.0013,0.0015,0.0021,0.0013,0.0019,0.0013,0.0013,0.0013,0.0013,0.0013,0.0019,0.0013,0.0013,0.0013,0.0013,0.0014,0.0013,0.0013,0.0013,0.0013,0.0013,0.0013,0.0013,0.0013,0.0013,0.0013,0.0013,0.0013,0.0013,0.0013,0.0013,0.0014,0.0013,0.0013,0.0013,0.0014,0.0013,0.0013,0.0014,0.0013,0.0013,0.0013,0.0015,0.0013,0.0023,0.0013,0.0013,0.0013,0.0013,0.0013,0.0013,0.0014,0.0013,0.0013,0.0013,0.0013,0.0013,0.0013,0.0013,0.0013,0.0013,0.0013,0.0013,0.0013,0.0022,0.0019,0.0013,0.0013,0.0013,0.0013,0.0013,0.0013,0.0013,0.0013,0.0013,0.0013,0.0013,0.0013,0.0013,0.0013,0.0013,0.0013,0.0013,0.0022,0.0013,0.0013,0.0013,0.0013,0.0013,0.0013
mcpi,matwably-gc-dyn,v8_7.4,0.0111,0.0028,0.0041,0.0224,95,0.0075,0.0101,0.0135,0.0147,0.0092,0.0136,0.0160,0.0111,0.0092,0.0093,0.0094,0.0133,0.0048,0.0095,0.0095,0.0089,0.0095,0.0100,0.0091,0.0057,0.0131,0.0099,0.0137,0.0147,0.0083,0.0140,0.0125,0.0105,0.0106,0.0165,0.0104,0.0122,0.0149,0.0106,0.0149,0.0104,0.0115,0.0094,0.0095,0.0115,0.0091,0.0147,0.0041,0.0096,0.0122,0.0130,0.0115,0.0112,0.0110,0.0114,0.0124,0.0125,0.0142,0.0091,0.0091,0.0098,0.0108,0.0051,0.0095,0.0150,0.0089,0.0102,0.0090,0.0110,0.0111,0.0132,0.0145,0.0130,0.0089,0.0092,0.0077,0.0091,0.0117,0.0110,0.0224,0.0146,0.0128,0.0088,0.0112,0.0092,0.0089,0.0121,0.0104,0.0092,0.0151,0.0181,0.0088,0.0095,0.0092,0.0091,0.0152,0.0094,0.0114,0.0140,0.0106
mcpi,matwably-gc-dyn,SpiderMonkey67,0.0014,0.0003,0.0013,0.0028,95,0.0019,0.0021,0.0013,0.0014,0.0021,0.0013,0.0013,0.0013,0.0013,0.0013,0.0013,0.0013,0.0013,0.0013,0.0013,0.0014,0.0013,0.0013,0.0013,0.0013,0.0013,0.0013,0.0013,0.0013,0.0013,0.0013,0.0013,0.0013,0.0013,0.0013,0.0013,0.0013,0.0013,0.0013,0.0013,0.0013,0.0013,0.0014,0.0015,0.0013,0.0013,0.0013,0.0013,0.0013,0.0013,0.0013,0.0013,0.0013,0.0013,0.0013,0.0013,0.0013,0.0013,0.0013,0.0013,0.0013,0.0013,0.0022,0.0013,0.0013,0.0013,0.0028,0.0020,0.0021,0.0014,0.0023,0.0013,0.0014,0.0013,0.0013,0.0013,0.0020,0.0013,0.0013,0.0014,0.0014,0.0013,0.0013,0.0013,0.0013,0.0014,0.0017,0.0013,0.0013,0.0013,0.0013,0.0013,0.0013,0.0013,0.0014,0.0019,0.0013,0.0013,0.0019,0.0013
numprime,matwably-gc-no-free,v8_7.4,0.1343,0.0037,0.1302,0.1462,60,0.1311,0.1316,0.1365,0.1370,0.1326,0.1373,0.1314,0.1316,0.1313,0.1342,0.1315,0.1315,0.1395,0.1325,0.1320,0.1324,0.1338,0.1316,0.1315,0.1376,0.1334,0.1323,0.1322,0.1318,0.1333,0.1322,0.1324,0.1324,0.1462,0.1328,0.1404,0.1394,0.1422,0.1340,0.1335,0.1340,0.1376,0.1314,0.1439,0.1316,0.1394,0.1305,0.1345,0.1313,0.1313,0.1413,0.1331,0.1390,0.1317,0.1350,0.1310,0.1315,0.1323,0.1326,0.1417,0.1302,0.1364,0.1331,0.1320,0.1317
babai,matwably-gc-dyn,v8_7.4,0.2443,0.0150,0.2300,0.3279,60,0.3279,0.2516,0.2379,0.2606,0.2418,0.2417,0.2383,0.2353,0.2608,0.2449,0.2344,0.2493,0.2482,0.2428,0.2585,0.2519,0.2377,0.2573,0.2376,0.2458,0.2507,0.2424,0.2430,0.2491,0.2355,0.2731,0.2457,0.2551,0.2408,0.2495,0.2304,0.2302,0.2351,0.2307,0.2446,0.2580,0.2327,0.2381,0.2326,0.2325,0.2665,0.2549,0.2364,0.2300,0.2304,0.2320,0.2366,0.2518,0.2398,0.2318,0.2374,0.2329,0.2433,0.2496,0.2457,0.2316,0.2309,0.2304,0.2366,0.2529
numprime,matwably-gc-no-free,SpiderMonkey67,0.1305,0.0033,0.1282,0.1417,60,0.1292,0.1303,0.1293,0.1417,0.1287,0.1286,0.1288,0.1295,0.1295,0.1316,0.1378,0.1283,0.1293,0.1291,0.1286,0.1284,0.1285,0.1386,0.1297,0.1287,0.1289,0.1286,0.1284,0.1287,0.1385,0.1292,0.1284,0.1286,0.1294,0.1292,0.1322,0.1296,0.1355,0.1376,0.1319,0.1341,0.1283,0.1294,0.1284,0.1288,0.1295,0.1291,0.1336,0.1287,0.1312,0.1282,0.1291,0.1291,0.1289,0.1288,0.1283,0.1400,0.1291,0.1297,0.1293,0.1283,0.1283,0.1282,0.1344,0.1294
numprime,matwably-gc-dyn,v8_7.4,0.1341,0.0034,0.1302,0.1464,65,0.1321,0.1408,0.1315,0.1335,0.1311,0.1338,0.1318,0.1310,0.1401,0.1335,0.1324,0.1312,0.1337,0.1329,0.1321,0.1403,0.1361,0.1302,0.1309,0.1334,0.1347,0.1313,0.1464,0.1362,0.1328,0.1343,0.1339,0.1362,0.1326,0.1427,0.1342,0.1347,0.1371,0.1318,0.1358,0.1337,0.1334,0.1314,0.1320,0.1354,0.1309,0.1362,0.1327,0.1328,0.1315,0.1335,0.1328,0.1315,0.1356,0.1315,0.1457,0.1352,0.1332,0.1313,0.1322,0.1319,0.1321,0.1373,0.1365,0.1352,0.1323,0.1308,0.1358,0.1311,0.1327
numprime,matwably-gc-dyn,SpiderMonkey67,0.1303,0.0021,0.1282,0.1359,65,0.1285,0.1286,0.1336,0.1286,0.1289,0.1288,0.1289,0.1326,0.1294,0.1333,0.1290,0.1309,0.1293,0.1300,0.1283,0.1283,0.1326,0.1298,0.1300,0.1293,0.1288,0.1285,0.1286,0.1336,0.1291,0.1297,0.1283,0.1290,0.1289,0.1292,0.1314,0.1333,0.1327,0.1304,0.1300,0.1289,0.1303,0.1284,0.1342,0.1284,0.1294,0.1288,0.1292,0.1285,0.1287,0.1342,0.1285,0.1298,0.1334,0.1298,0.1285,0.1287,0.1314,0.1283,0.1359,0.1290,0.1321,0.1309,0.1282,0.1285,0.1325,0.1359,0.1306,0.1346,0.1326
nb1d,matwably-gc-dyn,v8_7.4,59.1073,1.7065,58.0604,62.0859,5,58.3157,58.0604,58.0878,58.9868,62.0859
nb1d,matwably-gc-dyn,SpiderMonkey67,34.9466,0.1867,34.8209,35.2740,5,34.9099,35.2740,34.8916,34.8209,34.8365
